{
  "pixel_classifier_type": "OpenCVPixelClassifier",
  "metadata": {
    "inputPadding": 0,
    "inputResolution": {
      "pixelWidth": {
        "value": 0.22714882791204796,
        "unit": "µm"
      },
      "pixelHeight": {
        "value": 0.22714882791204796,
        "unit": "µm"
      },
      "zSpacing": {
        "value": 1.0,
        "unit": "z-slice"
      },
      "timeUnit": "SECONDS",
      "timepoints": []
    },
    "inputWidth": 512,
    "inputHeight": 512,
    "inputNumChannels": 3,
    "outputType": "CLASSIFICATION",
    "outputChannels": [],
    "classificationLabels": {
      "0": "Ignore*",
      "1": {
        "name": "collagen",
        "color": [
          255,
          0,
          255
        ]
      },
      "2": "Ignore*",
      "3": "Ignore*"
    }
  },
  "op": {
    "type": "data.op.default",
    "op": {
      "type": "op.core.sequential",
      "ops": [
        {
          "type": "op.channels.color-deconvolution",
          "stains": {
            "name": "Trichrome",
            "stain1": {
              "r": 0.769029782670271,
              "g": 0.6030298320938761,
              "b": 0.21200994073615356,
              "name": "Trichrome-Collagen",
              "isResidual": false
            },
            "stain2": {
              "r": 0.5840183473954574,
              "g": 0.7290179367488038,
              "b": 0.3570089884078495,
              "name": "Trichrome-Cytoplasm",
              "isResidual": false
            },
            "stain3": {
              "r": 0.579088151886435,
              "g": 0.7011077622839255,
              "b": 0.4160586713553509,
              "name": "Trichrome-Nuclear",
              "isResidual": false
            },
            "maxRed": 255.0,
            "maxGreen": 255.0,
            "maxBlue": 255.0
          }
        },
        {
          "type": "op.channels.extract-channels",
          "channels": [
            0,
            2
          ]
        },
        {
          "type": "op.filters.gaussian",
          "sigmaX": 0.0,
          "sigmaY": 2.0
        },
        {
          "type": "op.threshold.constant",
          "thresholds": [
            0.25,
            0.5
          ]
        },
        {
          "type": "op.core.multiply",
          "values": [
            1.0,
            2.0
          ]
        },
        {
          "type": "op.channels.sum"
        }
      ]
    }
  }
}